# Top 100 female given names over the last century, from the US Social Security Administration's
# "Popular Baby Names" data (ssa.gov/oact/babynames), a US government work in the public domain.
# Unweighted. Used by samples/pro/person-model.xml.
Mary
Patricia
Jennifer
Linda
Elizabeth
Barbara
Susan
Jessica
Karen
Sarah
Lisa
Nancy
Sandra
Ashley
Emily
Kimberly
Michelle
Donna
Margaret
Carol
Betty
Amanda
Melissa
Deborah
Stephanie
Rebecca
Sharon
Cynthia
Laura
Amy
Kathleen
Angela
Emma
Shirley
Dorothy
Brenda
Nicole
Pamela
Samantha
Anna
Olivia
Katherine
Christine
Debra
Rachel
Maria
Carolyn
Janet
Heather
Diane
Julie
Catherine
Victoria
Joyce
Lauren
Kelly
Christina
Helen
Joan
Hannah
Judith
Andrea
Evelyn
Megan
Cheryl
Ruth
Virginia
Sophia
Madison
Jacqueline
Abigail
Isabella
Teresa
Sara
Charlotte
Janice
Kathryn
Martha
Gloria
Ann
Judy
Amber
Danielle
Denise
Grace
Julia
Natalie
Diana
Marilyn
Brittany
Beverly
Alice
Theresa
Jean
Kayla
Alexis
Frances
Ava
Tiffany
Lori
