13544,Olivia
13400,Charlotte
12754,Emma
12699,Amelia
12561,Sophia
11078,Mia
10666,Isabella
9123,Evelyn
8252,Sofia
8191,Eliana
7732,Ava
7649,Eleanor
7546,Violet
7136,Ailany
7065,Aurora
6792,Harper
6760,Elizabeth
6673,Lily
6591,Camila
6380,Nora
6318,Hazel
6225,Penelope
6203,Chloe
6176,Ellie
6176,Lucy
6130,Aria
6076,Luna
6012,Isla
5831,Ella
5738,Lainey
5646,Zoe
5644,Scarlett
5634,Gianna
5451,Emily
5354,Valentina
5338,Layla
5267,Avery
5127,Grace
5117,Ivy
4945,Madison
4941,Abigail
4836,Elena
4796,Mila
4763,Willow
4677,Emilia
4657,Nova
4644,Naomi
4441,Riley
4251,Eloise
4168,Sadie
4137,Delilah
4136,Stella
4126,Josephine
4027,Victoria
3984,Sophie
3973,Hannah
3966,Lillian
3880,Leah
3864,Adeline
3792,Leilani
3729,Iris
3712,Maya
3601,Clara
3554,Ruby
3547,Alice
3527,Genesis
3508,Paisley
3487,Claire
3427,Zoey
3362,Eden
3362,Madelyn
3362,Vivian
3353,Millie
3208,Emery
3206,Daisy
3153,Maeve
3149,Ayla
3118,Liliana
3095,Melody
3089,Lyla
3086,Madeline
3021,Josie
3012,Lucia
2971,Addison
2933,Kennedy
2919,Audrey
2887,Maria
2805,Autumn
2736,Natalie
2710,Sarah
2695,Everly
2692,Lydia
2671,Kinsley
2659,Sienna
2658,Jade
2646,Caroline
2634,Quinn
2630,Amara
2619,Georgia
2618,Juniper
2607,Aaliyah
2575,Margot
2564,Allison
2556,Hailey
2545,Gabriella
2536,Parker
2521,Anna
2506,Cecilia
2477,Athena
2460,Juliette
2456,Catalina
2436,Margaret
2428,Cora
2386,Rose
2370,Eliza
2326,Raelynn
2318,Alaia
2300,Brooklyn
2277,Esther
2260,Hallie
2254,Hadley
2241,Emerson
2236,Elsie
2233,Magnolia
2230,Mary
2228,Scottie
2221,Valerie
2219,Ariana
2209,Serenity
2204,Alina
2172,Julia
2168,Amira
2160,Charlie
2154,Eva
2141,Savannah
2129,Bella
2118,Rylee
2111,Emersyn
2099,Elliana
2085,Alana
2077,Sloane
2074,Melanie
2071,Brielle
2028,Natalia
2023,Remi
2003,Aubrey
1998,Evangeline
1981,Genevieve
1981,Kehlani
1978,June
1973,Samantha
1973,Summer
1964,Oaklynn
1952,Ember
1940,Piper
1933,Oakley
1885,Phoebe
1858,Arya
1858,Wrenley
1853,Sage
1843,Alani
1835,Valeria
1832,Anastasia
1829,Ashley
1828,Nevaeh
1825,Isabelle
1818,Skylar
1807,Ailani
1806,Blair
1805,Gemma
1797,Rosalie
1786,Vivienne
1781,Ruth
1756,Ariella
1754,Callie
1746,Freya
1746,Isabel
1740,Daphne
1736,Lilah
1723,Amaya
1697,Sutton
1690,Annie
1686,Ximena
1683,Adalynn
1675,Kaylani
1670,Katherine
1670,Lila
1662,Celeste
1661,Tatum
1642,Haven
1638,Blakely
1631,Reese
1618,Kaia
1615,Everleigh
1614,Alora
1601,Molly
1597,Olive
1568,Sara
1559,Peyton
1526,Lia
1522,Mabel
1507,Noelle
1496,Stevie
1491,Kylie
1482,Vera
1481,Jasmine
1466,Celine
1446,Adaline
1446,Bailey
1436,Myla
1435,Aitana
1432,Zara
1423,Arabella
1421,Lennon
1420,Dahlia
1416,Selah
1415,Saylor
1404,Elianna
1401,Ada
1401,River
1380,Jane
1372,Brianna
1367,Elise
1366,Alaina
1362,Presley
1348,Noa
1344,Gracie
1343,Mackenzie
1335,Kiara
1332,Rory
1331,Wren
1330,Palmer
1328,Maisie
1323,Arianna
1317,Andrea
1315,Nyla
1314,Alexandra
1314,Cataleya
1314,Lucille
1299,Camille
1286,Collins
1283,Delaney
1282,Brynlee
1277,Diana
1276,Ana
1262,Miriam
1259,Amora
1244,Reagan
1240,Rowan
1225,Rachel
1222,Rosemary
1218,Lilly
1215,Kailani
1212,Faith
1205,Kaylee
1203,Juliana
1200,Amy
1198,Journee
1193,Leila
1192,Adalyn
1192,Mariana
1191,Norah
1188,Aliyah
1183,Ophelia
1180,Talia
1179,Aspen
1176,Elaina
1170,Selena
1156,Arleth
1151,Evie
1151,Nayeli
1149,Khloe
1139,Luciana
1136,Juliet
1132,Lola
1123,Harmony
1111,Lilith
1109,Azalea
1106,Lena
1099,Alanna
1098,Shiloh
1096,Sylvie
1088,Rosie
1087,Antonella
1086,Julieta
1078,Meadow
1069,Gia
1063,Milani
1062,Adelaide
1056,Aurelia
1056,Sawyer
1054,Poppy
1043,Aylani
1041,Maggie
1035,Blake
1035,Dakota
1033,Leia
1032,Esme
1029,Elowyn
1017,Sylvia
1012,Evelynn
1009,Daniela
1009,Kimberly
1007,Adelina
1007,Elaine
997,Joanna
984,Francesca
982,Octavia
981,Harlow
980,Elodie
978,Tessa
977,Morgan
972,Brooke
972,Catherine
970,Amina
962,Colette
961,Gabriela
960,Frances
958,Madisson
957,Samara
956,Sabrina
950,Marley
948,Kali
946,Nina
942,Serena
937,Alessia
935,Navy
932,Kendall
932,Zuri
931,Fatima
928,Viviana
927,Alayna
926,Lorelai
923,Hattie
916,Mira
911,Anaya
910,Aisha
900,Miley
899,Emory
894,Heidi
894,Teagan
892,Leighton
891,Annabelle
891,Ryleigh
885,Aylin
884,Paige
875,Angelina
873,Sydney
872,Malia
872,Rebecca
869,Maryam
868,Hope
867,Thea
861,Elora
851,Adelyn
851,Ariel
851,Kamila
851,Wrenlee
850,Itzel
848,Gwendolyn
847,Camilla
845,Briella
841,Helena
838,Kayla
838,Matilda
836,Adriana
836,Ariyah
834,Alaya
831,Raya
829,Adhara
826,Jordyn
825,Mallory
823,Esmeralda
822,Malani
821,Anya
818,Astrid
813,Vanessa
810,Ivory
805,Laura
804,Amari
804,Demi
803,Giselle
803,Nicole
802,Blaire
801,Kira
801,Liana
800,Kalani
799,Londyn
798,Carmen
798,Sunny
796,Florence
791,Kaliyah
788,Jocelyn
787,Danna
786,Regina
785,Bonnie
783,Murphy
779,Julianna
779,Melany
778,Briar
777,Lauren
775,Logan
772,Taylor
771,Raven
769,Carolina
768,Lana
767,Brynn
765,Angela
764,Annalise
758,Mckenna
757,Journey
756,Alayah
755,Laila
754,Nalani
753,Finley
751,Holly
750,Charlee
748,Harley
747,Joy
747,Melissa
743,Dorothy
742,Willa
740,Opal
733,Marceline
733,Sarai
732,Winter
730,Veronica
725,Trinity
723,Leona
720,Katalina
719,London
718,Dream
715,Maia
712,Vienna
711,Lyra
711,Salem
707,Hayden
703,Macie
703,Maddison
701,Payton
699,Lorelei
698,Gracelynn
697,Alessandra
697,Mya
695,Emmy
695,Lilliana
693,Adelynn
693,Mariah
689,Alma
689,Zariah
682,Calliope
682,Reign
680,Alyssa
679,Carter
679,Madeleine
676,Clementine
676,Wynter
674,Elisa
674,Kataleya
672,Alicia
668,Elle
668,Helen
665,Xiomara
662,Madilyn
661,Michelle
659,Gracelyn
658,Monroe
657,Daniella
656,Meredith
654,Fiona
654,Jaylani
654,Maren
653,Felicity
647,Alexandria
646,Winnie
644,Alison
644,Camryn
644,Rylie
643,Haisley
640,Saige
635,Renata
623,Anahi
621,Ainsley
619,Alivia
618,Aniyah
618,Arielle
614,Cameron
608,Brooklynn
606,Aubree
603,Amirah
603,Kora
603,Miracle
601,Amanda
600,Arlette
599,Solana
597,Charli
597,Maxine
596,Lakelynn
595,Edith
594,Bianca
594,Mae
592,Raelyn
590,Emely
590,Nylah
589,Mariam
589,Raegan
585,Yara
583,Beatrice
581,Estella
581,Scarlet
580,Alisson
580,Hanna
580,Remington
579,Analeia
579,Faye
579,Louise
578,Clover
578,Jream
577,Eve
576,Amber
576,Jovie
576,Kate
575,Marlowe
573,Madelynn
572,Iyla
572,Virginia
570,Amoura
570,Lottie
569,Cecelia
569,Jayla
569,Romina
569,Skye
567,Nellie
567,Phoenix
565,Oaklee
564,Marlee
563,Jazlyn
562,Daleyza
562,Lenora
562,Zahra
558,Cassidy
557,April
556,Heaven
555,Priscilla
554,Everlee
551,Angel
551,Capri
551,Kyomi
550,Danielle
550,Holland
549,Fernanda
549,Frankie
548,Emerie
547,Alexis
547,Amaia
544,Kamryn
543,Stephanie
541,Jacqueline
540,Margo
537,Lilian
537,Mavis
534,Armani
533,Della
532,Izabella
531,Nadia
530,Amalia
530,Ivanna
530,Makayla
529,Allie
529,Hadassah
528,Miller
527,Lina
523,Estelle
518,Cali
518,Sevyn
517,Mckenzie
516,Cleo
515,Jimena
512,Imani
512,Kyla
511,Kailany
510,Reina
509,Noemi
503,Jordan
503,Lylah
501,Jennifer
499,Alia
499,Chaya
499,Mara
498,Marigold
498,Meilani
497,Paris
495,Makenna
493,Reyna
491,Avianna
491,Halle
491,Mina
491,Tiana
489,Elliott
489,Seraphina
488,Emelia
488,Marina
487,Aliana
486,Alejandra
486,Mylah
485,Loretta
483,Flora
481,Brinley
481,Rosalia
479,Siena
478,Leyla
477,Estrella
477,Halo
476,Ari
476,Ariya
476,Sierra
474,Campbell
474,Marie
472,Anne
471,Amiyah
469,Goldie
469,Keira
469,Selene
468,Noah
468,Sariyah
467,Maliyah
466,Winona
464,Lexi
464,Rivka
463,Azariah
463,Cassandra
459,Andi
459,Gabrielle
459,Indie
458,Destiny
457,Ariah
456,Oaklyn
453,Azaria
452,Rhea
451,Lyric
451,Violeta
450,Arlet
450,Ellianna
449,Aya
448,Zariyah
447,Katie
446,Galilea
446,Thalia
444,Shelby
443,Andie
442,Irene
441,Alara
441,Rosa
437,Eileen
437,Gloria
437,Miranda
436,Aleena
436,Hana
435,Noor
434,Melina
431,Briana
429,Legacy
429,Myra
426,Isabela
424,Jessica
423,Jolene
423,Marisol
423,Oakleigh
423,Paislee
422,Birdie
422,Skyler
422,Yaretzi
421,Lakelyn
421,Laney
420,Aliza
420,Lillie
420,Whitley
419,Amani
418,Jenna
417,Alondra
417,Rosalina
415,Ellis
414,Coraline
414,Sasha
414,Wrenleigh
413,Chana
413,Dallas
411,Emberly
410,Georgina
410,Khaleesi
409,Billie
409,Kinley
409,Lara
407,Baylor
407,Emmie
407,Leilany
407,Louisa
407,Romy
407,Rowyn
406,Makenzie
404,Averie
403,Nia
401,Merritt
400,Robin
399,Angie
399,Drew
398,Alena
398,Angelica
398,Kennedi
395,Jazmin
394,Analia
393,Leslie
393,Martha
393,Mckinley
393,Ryan
392,Dayana
392,Lennox
390,Ila
390,Karsyn
390,Macy
390,Remy
389,Sol
387,Samira
385,Bridget
384,Gwen
384,Theodora
383,Keilani
382,Bristol
381,Kathryn
380,Iliana
379,Abby
377,Taytum
373,Ramona
372,Laurel
372,Persephone
371,Kenzie
371,Monica
370,Lacey
370,Veda
368,Penny
367,Emerald
367,Kensley
366,Kiana
366,Valery
365,Maisy
364,Araceli
364,Dani
364,Mikayla
363,Davina
363,Karina
362,Adele
362,Bethany
362,Milan
360,Amaris
359,Rynlee
358,Kaeli
358,Lettie
358,Soleil
357,Kenna
356,Charley
356,Marilyn
356,Neriah
356,Xyla
355,Elina
355,Kiyomi
354,Azari
354,Keziah
353,Indy
353,Laylani
352,Christina
352,Dulce
352,Freyja
352,Maci
351,Celia
351,Malaya
350,Inaya
350,Pearl
349,Evelina
349,Fallon
349,Luella
349,Ruthie
347,Royalty
346,Janiyah
346,Paulina
345,Belen
345,Journi
345,Ocean
344,Elouise
344,Emiliana
344,Judith
344,Klarity
343,Alaiya
343,Paloma
343,Yareli
342,Cielo
342,Rayna
341,Bellamy
341,Elowen
340,Aileen
340,Dalia
340,Janelle
340,Kaitlyn
340,Karla
340,Kayleigh
339,Adley
339,Avani
338,Brynleigh
338,Dylan
338,Treasure
338,Zainab
337,Charleigh
336,Milana
336,Naya
335,Kelsey
335,Quincy
334,Jenesis
333,Aura
333,Romi
332,Julietta
332,Livia
331,Keyla
331,Nola
330,Aliya
330,Jessie
330,Nyomi
330,Promise
329,Aila
329,Amelie
329,Celina
329,Kyra
329,Layan
328,Zelda
327,Erin
327,Ezra
327,Zaniyah
326,Denver
325,Braelynn
324,Jaliyah
324,Luz
324,Sloan
323,Amayah
323,Hunter
323,Michaela
322,Elani
322,Ensley
322,Honey
322,Tara
321,Lea
320,Kendra
320,Magdalena
319,Chelsea
319,Kelly
318,Anaiah
318,Indigo
318,Paula
317,Nala
316,Darcy
316,Jamie
315,Lilia
315,Madilynn
314,Haley
313,Arisbeth
313,Ayleen
313,Deborah
313,Eleanora
313,Jemma
313,Mercy
313,Soraya
309,Aspyn
309,Ayah
309,Johanna
308,Adrianna
308,Julie
308,Marianna
306,Kahlani
306,Kylee
305,Lyanna
304,Giovanna
304,Siya
304,Tiffany
303,Colbie
303,Emi
303,Odette
302,Rebekah
302,Tilly
302,Vada
301,Aviana
301,Berkley
301,Megan
300,Leanna
300,Lilianna
299,Anais
298,Mariel
298,Violette
296,Chandler
296,Liv
296,Naylani
295,Ainara
295,Guinevere
295,Liora
295,Maizie
294,Linda
294,Luisa
293,Khalani
293,Kollyns
293,Rayne
292,Nataly
291,Greta
291,Micah
291,Stormi
291,Teresa
290,Bennett
289,Anayah
287,Eliora
287,Giuliana
287,Raina
287,Sarahi
286,Elyse
286,Zaylee
285,Cheyenne
285,Giana
284,Emmeline
284,Winifred
283,Clare
282,Elisabeth
282,Ivey
282,Maddie
281,Brittany
281,Emberlynn
281,Etta
281,Hadlee
280,Ailanny
279,Aleia
279,Kallie
279,Landry
278,Kimber
278,Salma
277,Alianna
276,Ayra
276,Tallulah
275,Darla
275,Elara
274,Mariella
274,Saanvi
274,Zaria
273,Madalyn
273,Sunday
272,Marcella
272,Sky
271,Milena
271,Sariah
271,Yuna
271,Zyla
270,Rosalee
269,Anika
269,Kinslee
269,Love
269,Malaysia
269,Yasmin
268,Aadhya
268,Ainhoa
268,August
268,Bexley
266,Amiri
265,Aleah
265,Mazie
265,Nancy
264,Barbara
264,Zora
263,Elia
263,Leylani
262,Ashlyn
262,Jianna
262,Tru
261,Arden
261,Marleigh
261,Novalee
260,Kori
259,Roselyn
258,Ashlynn
258,Cordelia
258,Khadija
257,Akira
257,Arely
257,Kamiyah
257,Skyla
256,Adalee
256,Addilyn
256,Karter
256,Laken
256,Lisa
255,Brylee
255,Jazmine
255,Kaiya
254,Annika
254,Jaslyn
254,Scout
254,Simone
253,Corinne
252,Harmoni
