20818,Liam
20358,Noah
14939,Oliver
13355,Theodore
12020,Henry
11945,James
11111,Elijah
11045,Mateo
10545,William
10219,Lucas
9762,Benjamin
9642,Levi
8837,Elias
8759,Luca
8748,Jack
8605,Sebastian
8583,Hudson
8334,Samuel
8173,Leo
8126,Ezra
8094,Michael
8085,Daniel
8027,John
7852,Ethan
7603,Julian
7554,Santiago
7472,Cooper
7456,Asher
7303,Joseph
7230,Alexander
7190,Owen
7003,Matthew
6948,Luke
6917,Thomas
6794,David
6582,Jackson
6569,Gabriel
6480,Wyatt
6291,Mason
6268,Bennett
6208,Dylan
6162,Roman
6152,Jacob
6072,Miles
6024,Carter
5967,Anthony
5953,Isaac
5898,Charles
5894,Maverick
5835,Thiago
5805,Grayson
5578,Wesley
5576,Logan
5509,Josiah
5482,Weston
5408,Waylon
5267,Isaiah
5217,Caleb
5212,Rowan
5165,Beau
5091,Ezekiel
5046,Aiden
4975,Nathan
4877,Brooks
4846,Nolan
4773,Joshua
4757,Angel
4748,Christopher
4703,Lincoln
4653,Jayden
4639,Silas
4556,Enzo
4497,Andrew
4464,Adrian
4413,Atlas
4348,Cameron
4287,Everett
4204,Walker
4140,Axel
4041,Aaron
3958,August
3945,Theo
3924,Ian
3921,Adriel
3873,Luka
3860,Gael
3847,Arthur
3840,Jeremiah
3822,Jonathan
3817,Micah
3789,Leonardo
3772,Robert
3768,Kai
3701,Emiliano
3678,Jose
3641,Christian
3636,Eithan
3627,Archer
3532,Ryan
3511,Myles
3501,Adam
3477,Parker
3420,Colton
3418,Eli
3297,Amir
3277,Dominic
3267,Vincent
3232,Xavier
3213,Damian
3198,Easton
3139,River
3115,Nicholas
3103,Austin
3083,Jace
3073,Jaxon
3072,Harrison
3065,Lorenzo
2995,Callum
2974,Milo
2967,Graham
2950,Emmett
2941,Sawyer
2939,Giovanni
2883,Carson
2876,Dean
2848,George
2840,Landon
2828,Jonah
2804,Jasper
2761,Hunter
2732,Jordan
2710,Calvin
2710,Ryder
2692,Malachi
2678,Kayden
2662,Stetson
2609,Jameson
2583,Leon
2570,Declan
2565,Nathaniel
2518,Beckett
2496,Zion
2487,Dawson
2475,Luis
2460,Charlie
2455,Matteo
2448,Elian
2443,Arlo
2439,Greyson
2418,Carlos
2417,Elliot
2416,Bryson
2412,Evan
2397,Emilio
2384,Jude
2365,Jaxson
2354,Colter
2351,Diego
2318,Juan
2287,Elliott
2268,Hayden
2240,Hayes
2240,Ivan
2239,Ace
2224,Jason
2211,Connor
2199,Jayce
2185,Beckham
2167,Jett
2140,Matias
2138,Barrett
2131,Braxton
2078,Jesus
2066,Nico
2064,Felix
2058,Antonio
2053,Nicolas
2050,Judah
2035,Emmanuel
2025,Max
2008,Tucker
2003,Cole
2003,Ryker
2002,Jesse
2000,Amari
1975,Aziel
1954,Peter
1936,Rhett
1924,Maxwell
1917,Callan
1915,Alan
1904,Chase
1862,Legend
1862,Tate
1842,Alejandro
1836,Knox
1801,Ashton
1780,Jaziel
1768,Rory
1744,Andres
1742,Caden
1736,Tatum
1734,Timothy
1725,Kingston
1722,Camden
1702,Finn
1666,Messiah
1666,Riley
1664,Abraham
1664,Maddox
1664,Victor
1661,Miguel
1657,Malakai
1657,Zayden
1649,Bentley
1646,Zachary
1640,Baker
1639,Rafael
1633,Joel
1633,Tyler
1628,Kevin
1627,Griffin
1620,Oscar
1591,Edward
1590,Cohen
1577,Kairo
1566,Callahan
1555,Grant
1545,Brayden
1529,Simon
1525,Abel
1515,Alex
1512,Justin
1505,Richard
1495,Patrick
1492,Brody
1476,Kaiden
1475,Dallas
1473,Muhammad
1471,Warren
1462,Adonis
1418,Milan
1417,Ellis
1416,Kyrie
1416,Mark
1408,Shepherd
1406,Ronan
1392,Cade
1391,Louis
1383,Lane
1381,Harvey
1381,Walter
1381,Zayn
1371,Emerson
1357,Nash
1352,Crew
1343,Ayden
1341,Marcus
1335,Xander
1333,Omar
1326,Brandon
1316,Paul
1307,Ismael
1305,Kayson
1301,Bodhi
1292,Bowen
1286,Saint
1284,Cyrus
1281,Koa
1265,Karter
1261,Steven
1257,Malcolm
1256,Eric
1252,Javier
1249,Bodie
1249,Maximus
1241,Otto
1220,Shiloh
1214,Benson
1209,Maximiliano
1208,Atticus
1207,Jensen
1201,Tobias
1191,Derek
1188,Colt
1183,Kash
1181,Cash
1161,Lukas
1160,Lennox
1157,Ares
1156,Avery
1152,Jeremy
1150,Reid
1148,Kenneth
1143,Kaleb
1143,Kohen
1140,Holden
1137,Sonny
1131,Preston
1130,Clayton
1129,Archie
1129,Romeo
1125,Gavin
1124,Angelo
1118,Luciano
1116,Ali
1105,Remington
1104,Dante
1103,Tristan
1099,Banks
1099,Colson
1087,Mathias
1085,Eliam
1083,Sullivan
1081,Israel
1080,Blake
1077,Zyaire
1076,Cody
1074,Dakota
1072,Casey
1071,Brady
1069,Francisco
1069,Jorge
1051,Zane
1046,Niko
1043,Aidan
1043,Dariel
1034,Kaden
1027,Phoenix
1026,Josue
1025,Cruz
1018,Sutton
1017,Finley
1012,Orion
1009,Martin
1005,Bryan
993,Gideon
988,Paxton
979,Brian
977,Marshall
965,Cairo
961,Jax
950,Colin
948,Wade
944,Russell
944,Sterling
944,Wells
943,Ezequiel
943,Kade
942,Leonel
939,Ibrahim
935,Damien
934,Santino
933,Hendrix
925,Joaquin
921,Briggs
919,Bryce
910,Titus
909,Franklin
908,Spencer
907,Jaylen
906,Cristian
898,Anderson
895,Kaizen
881,Onyx
879,Erick
878,Kyaire
868,Andre
864,Miller
862,Marco
860,Manuel
854,Matthias
851,Grady
850,Forrest
843,Kayce
839,Desmond
837,Clark
837,Hugo
834,Daxton
833,Ricardo
830,Lawson
830,Winston
829,Stephen
826,Khalil
824,Cesar
822,Baylor
819,Fernando
818,Elio
817,Kieran
815,Iker
811,Kamari
809,Jay
808,Ari
807,Raphael
807,Raymond
804,Jared
804,Zander
798,Edwin
798,Marcelo
797,Kashton
797,Kian
797,Kylo
794,Bradley
790,Kyler
786,King
785,Leandro
783,Augustus
781,Remy
779,Hector
778,Eduardo
778,Koda
778,Rhys
776,Hank
774,Cayden
772,Kaysen
771,Rylan
770,Conrad
770,Killian
770,Reed
769,Francis
768,Jaden
767,Solomon
762,Boone
759,Julius
757,Lucca
755,Isaias
753,Tadeo
752,Lian
743,Nehemiah
743,Pablo
743,Wilder
739,Raiden
736,Lewis
732,Travis
728,Frederick
728,Moshe
724,Malik
721,Mario
719,Jasai
717,Sylas
714,Sergio
711,Chance
711,Jalen
710,Valentino
708,Apollo
708,Uriel
703,Prince
699,Dalton
698,Bo
698,Yusuf
695,Kane
694,Rome
690,Karson
688,Oakley
684,Pedro
684,Sage
682,Jake
682,Johnny
679,Rocco
675,Reece
673,Esteban
670,Lucian
668,Mack
665,Soren
664,Ayaan
663,Kameron
663,Quinn
655,Fabian
651,Alijah
651,Musa
648,Kyson
645,Azariah
644,Zayne
642,Ford
641,Tanner
640,Royal
639,Samson
635,Noel
633,Cassian
632,Ruben
626,Makai
625,Adan
622,Asa
622,Kasen
621,Hezekiah
617,Edgar
617,Nasir
617,Rowen
616,Sean
615,Arjun
614,Caspian
614,Rodrigo
613,Collin
612,Leland
609,Armani
609,Donovan
608,Alessandro
607,Jasiah
606,Brantley
606,Royce
604,Damon
604,Odin
601,Zaire
600,Ronin
598,Pierce
597,Gunner
595,Cillian
594,Johnathan
594,Kyle
591,Leonidas
590,Alonzo
586,Corbin
584,Alexis
584,Frank
583,Moses
579,Callen
579,Marcos
578,Denver
578,Kobe
578,Lawrence
578,Truett
572,Tripp
571,Chozen
571,Gianni
570,Roy
569,Finnegan
568,Mohamed
568,Philip
566,Azriel
566,Ridge
565,Tyson
563,Rio
563,Troy
561,Scott
559,Kendrick
558,Bruce
558,Eiden
558,Zachariah
557,Dorian
557,Kaison
556,Hamza
554,Akari
554,Cal
551,Eden
549,Augustine
549,Erik
549,Fletcher
548,Devin
548,Ozzy
547,Eliseo
546,Emir
544,Jeffrey
541,Drew
541,Ledger
540,Chosen
538,Armando
535,Saul
533,Ariel
532,Morgan
531,Porter
529,Deacon
529,Mohammad
528,Zakai
526,Garrett
524,Andy
523,Colsen
522,Zain
520,Rocky
519,Jakai
519,Roberto
517,Enrique
516,Johan
515,Clay
513,Emanuel
511,Rhodes
509,Jamari
508,Jamie
507,Allen
507,Kylan
506,Maximo
505,Seth
504,Atreus
504,Cassius
504,Kyren
503,Camilo
503,Eliel
502,Moises
499,Rayan
498,Vicente
497,Maximilian
496,Tru
495,Jamir
493,Gregory
489,Kolton
486,Mohammed
481,Louie
480,Kason
479,Alden
476,Jonas
476,Kolter
476,Krew
475,Caiden
475,Reese
472,Amiri
469,Nikolai
468,Lachlan
466,Abdiel
466,Roland
466,Zaiden
465,Eziah
463,Kyro
462,Gunnar
462,Jakari
461,Albert
455,Colby
455,Yahya
454,Harlan
454,Jaiden
453,Westley
451,Boston
449,Keegan
448,Dominick
448,Koen
448,Kylian
447,Gustavo
447,Hassan
446,Arturo
445,Danny
445,Jayceon
445,Kenzo
445,Sincere
442,Nathanael
442,Zayd
440,Raul
439,Izaiah
439,Shane
438,Leonard
438,Ronald
437,Kasai
437,Memphis
436,Julio
435,Amias
434,Samir
433,Lochlan
432,Azael
431,Chris
428,Sam
427,Anakin
427,Keanu
427,Uriah
425,Phillip
422,Otis
422,Princeton
422,Quincy
422,Wayne
421,Azrael
420,Jaime
420,Tommy
419,Lionel
418,Valentin
417,Aries
414,Layne
413,Creed
413,Mauricio
413,Yosef
411,Chaim
410,Jaxton
409,Davis
407,Ahmad
407,Major
407,Wylder
405,Benicio
405,Wilson
403,Vincenzo
402,Houston
402,Madden
402,Zaid
401,Gerardo
400,Salem
400,Trevor
399,Aurelio
399,Shawn
398,Jasiel
398,Peyton
398,Taylor
397,Briar
397,Omari
396,Dereck
396,Westin
395,Donald
394,Tomas
393,Dax
393,Dexter
391,Idris
390,Duke
390,Mac
390,Sevyn
389,Evander
385,Marvin
384,Jayson
383,Bridger
383,Kareem
382,Ahmed
382,Bryer
382,Robin
382,Ryland
381,Dennis
381,Ozias
380,Julien
377,Aarav
377,Aron
377,Carmelo
377,Kenai
377,Layton
376,Ryatt
376,Wes
375,Jase
375,Kamden
375,Nikolas
375,Ocean
374,Bellamy
374,Cannon
371,Neithan
371,Westyn
366,Braylen
366,Jahmir
366,Lee
365,Ander
365,Dustin
364,Amos
364,Marcel
360,Hugh
359,Case
359,Misael
358,Ambrose
357,Huxley
357,Mylo
356,Zahir
354,Rudy
351,Bruno
351,Yehuda
350,Abram
350,Clyde
349,Brixton
349,Yousef
348,Enoch
348,Franco
347,Bode
346,Azaiah
344,Forest
344,Matheo
343,Junior
342,Chandler
341,Murphy
341,Noe
341,Salvador
340,Finnley
340,Trace
340,Zyair
339,Dario
339,Mustafa
338,Ayan
337,Abdullah
337,Campbell
337,Magnus
337,Santos
336,Izael
334,Brayan
333,Boden
333,Emmitt
333,Keaton
333,Reign
331,Asaiah
331,Truce
329,Harry
329,Riggs
328,Alvaro
327,Corey
327,Dutton
327,Zamir
326,Blaze
326,Kyree
325,Skyler
325,Tony
324,Alonso
324,Jamison
323,Remi
322,Darius
322,Elisha
320,Barron
319,Fisher
319,Ray
318,Jaxxon
318,Teo
317,Haziel
315,Everest
314,Crue
314,Thaddeus
313,Calum
311,Kaisen
311,Keith
311,Raylan
311,Zeke
310,Brewer
309,Dilan
309,Mccoy
308,Douglas
308,Lennon
307,Azai
306,Brock
306,Jones
306,Rohan
306,Ty
305,Benedict
305,Emery
305,Yahir
304,Jrue
304,Yael
301,Alberto
301,Alfredo
301,Dane
301,Ira
301,Teddy
300,Jettson
300,Nelson
300,Yisroel
299,Drake
299,Flynn
298,Bjorn
298,Ignacio
298,Jefferson
297,Avi
297,Rayden
297,Roger
296,Cayson
296,Kaiser
295,Dakari
294,Alvin
294,Yadiel
293,Alfred
293,Benny
293,Casen
292,Ben
292,Coleson
292,Conor
291,Cason
291,Jimmy
289,Braylon
289,Waylen
288,Derrick
288,Neil
288,Ramon
286,Bear
286,Jeremias
285,Santana
285,Zechariah
284,Evren
282,Avyaan
281,Rex
280,Aslan
280,Eddie
279,Lance
278,Stanley
277,Conner
277,Jesiah
277,Zev
276,Alessio
276,Brycen
276,Carlo
276,Edison
275,Adler
275,Aryan
275,Orlando
274,Abner
274,Coast
274,Jedidiah
274,Joey
272,Ernesto
272,Kylen
271,Denim
271,Jireh
270,Eren
269,Emory
269,Izan
269,Jagger
269,Jericho
269,Kolson
269,Leroy
269,Reuben
269,Trey
268,Boaz
268,Shepard
266,Eliezer
266,Hollis
266,Ishaan
266,Laith
265,Alistair
265,Kaleo
265,Lucien
265,Marcello
264,Foster
264,Guillermo
263,Kael
263,Kannon
263,Nael
262,Axton
262,Jerry
262,Rey
262,Scottie
261,Vihaan
261,Yitzchok
260,Koah
259,Beck
259,Ezrah
258,Issac
258,Stone
257,Leif
257,Makari
257,Wesson
256,Aspen
256,Eitan
256,Frankie
256,Shmuel
255,Casper
255,Kiaan
255,Neythan
254,Caius
254,Darian
253,Agastya
253,Dillon
253,Halo
253,Heath
253,Isa
252,Judson
251,Jairo
251,Kreed
251,Krue
251,Massimo
251,Syaire
250,Khalid
250,Rowdy
250,Veer
249,Eugene
249,Kenji
249,Salvatore
249,Zymir
249,Zyon
248,Meir
248,Ricky
247,Josias
246,Jon
245,Agustin
245,Jethro
245,Mitchell
244,Felipe
244,Gian
244,Legacy
243,Damari
243,Melvin
241,Aldo
241,Darwin
241,Montgomery
241,Shimon
241,Wallace
238,Arian
238,Colten
238,Mordechai
238,Quentin
237,Imran
236,Beaux
236,Harlem
236,Van
235,Gage
235,Kaycen
235,Mathew
235,Quinton
234,Alec
234,Azlan
234,Toby
233,Ameer
233,Byron
233,Damir
233,Loyal
232,Anders
232,Curtis
232,Dominik
232,Joan
231,Ephraim
231,Isael
231,Jiraiya
230,Aurelius
230,Blaine
230,Harold
230,Joe
230,Palmer
229,Landry
229,Oziel
228,Macklin
227,Kabir
227,Langston
