# Top 100 male given names over the last century, from the US Social Security Administration's
# "Popular Baby Names" data (ssa.gov/oact/babynames), a US government work in the public domain.
# Unweighted. Used by samples/pro/person-model.xml.
James
Michael
John
Robert
David
William
Richard
Joseph
Thomas
Christopher
Charles
Daniel
Matthew
Anthony
Mark
Steven
Andrew
Donald
Joshua
Paul
Kevin
Kenneth
Brian
Timothy
Ronald
Jason
George
Edward
Jeffrey
Jacob
Ryan
Nicholas
Gary
Eric
Jonathan
Stephen
Larry
Justin
Benjamin
Scott
Brandon
Samuel
Alexander
Gregory
Patrick
Jack
Frank
Raymond
Dennis
Aaron
Tyler
Jerry
Jose
Nathan
Adam
Henry
Zachary
Douglas
Peter
Noah
Ethan
Kyle
Christian
Jeremy
Austin
Keith
Sean
Terry
Roger
Dylan
Walter
Gerald
Jordan
Gabriel
Carl
Bryan
Jesse
Logan
Lawrence
Elijah
Arthur
Bruce
Harold
Billy
Liam
Alan
Juan
Joe
Mason
Lucas
Randy
Willie
Wayne
Vincent
Caleb
Albert
Luke
Isaac
Bradley
Cameron
