# Top 1,000 surnames with their real counts from the US Census Bureau's "Frequently Occurring
# Surnames from the 2010 Census" (census.gov/topics/population/genealogy), a US government work in
# the public domain. Weight first. Used by samples/pro/person-name-usa-*.xml.
2442977,Smith
1932812,Johnson
1625252,Williams
1437026,Brown
1425470,Jones
1166120,Garcia
1161437,Miller
1116357,Davis
1094924,Rodriguez
1060159,Martinez
1043281,Hernandez
874523,Lopez
841025,Gonzalez
801882,Wilson
784404,Anderson
756142,Thomas
751209,Taylor
724374,Moore
708099,Jackson
702625,Martin
693023,Lee
681645,Perez
664644,Thompson
660491,White
624252,Harris
612752,Sanchez
562679,Clark
557423,Ramirez
531781,Lewis
529821,Robinson
523129,Walker
484447,Young
482607,Allen
465422,King
458980,Wright
439530,Scott
437813,Torres
437645,Nguyen
434827,Hill
433969,Flores
430182,Green
427865,Adams
424958,Nelson
419586,Baker
407076,Hall
391114,Rivera
386157,Campbell
384486,Mitchell
376966,Carter
376774,Roberts
365655,Gomez
360802,Phillips
355593,Evans
348627,Turner
347636,Diaz
336221,Parker
334201,Cruz
332423,Edwards
329770,Collins
327904,Reyes
324957,Stewart
318884,Morris
311777,Morales
308417,Murphy
302589,Cook
302261,Rogers
293218,Gutierrez
286899,Ortiz
286280,Morgan
280791,Cooper
278297,Peterson
277845,Bailey
277030,Reed
267394,Kelly
264826,Howard
263464,Ramos
262352,Kim
261231,Cox
260464,Ward
259798,Richardson
252579,Watson
251663,Brooks
250898,Chavez
250715,Wood
249379,James
247599,Bennett
246116,Gray
242771,Mendoza
238234,Ruiz
236271,Hughes
235251,Price
233983,Alvarez
230420,Castillo
230374,Sanders
229973,Patel
229895,Myers
229374,Long
229368,Ross
227764,Foster
227118,Jimenez
224874,Powell
222653,Jenkins
221741,Perry
221558,Russell
220990,Sullivan
220599,Bell
219070,Coleman
218847,Butler
218393,Henderson
218241,Barnes
214758,Gonzales
214703,Fisher
212781,Vasquez
210182,Simmons
208614,Romero
208403,Jordan
205423,Patterson
204621,Alexander
201746,Hamilton
201159,Graham
200247,Reynolds
198406,Griffin
197276,Wallace
196925,Moreno
195818,West
195289,Cole
194246,Hayes
192773,Bryant
192711,Herrera
190667,Gibson
188968,Ellis
188498,Tran
188497,Medina
186512,Aguilar
185674,Stevens
184910,Murray
184832,Ford
184134,Castro
183922,Marshall
182719,Owens
181091,Harrison
180842,Fernandez
180497,Mcdonald
177425,Woods
177386,Washington
176865,Kennedy
176230,Wells
173835,Vargas
170964,Henry
169580,Chen
169149,Freeman
168878,Webb
167446,Tucker
167044,Guzman
165925,Burns
164457,Crawford
164035,Olson
163181,Simpson
163054,Porter
162440,Hunter
161833,Gordon
161717,Mendez
161633,Silva
160400,Shaw
160262,Snyder
160213,Mason
159480,Dixon
158483,Munoz
158421,Hunt
158320,Hicks
156780,Holmes
156601,Palmer
155795,Wagner
154738,Black
153666,Robertson
153469,Boyd
153397,Rose
153329,Stone
152703,Salazar
152334,Fox
152147,Warren
151942,Mills
150895,Meyer
149500,Rice
147034,Schmidt
147005,Garza
146570,Daniels
146426,Ferguson
145584,Nichols
144646,Stephens
144451,Soto
143837,Weaver
143452,Ryan
142894,Gardner
142601,Payne
142277,Grant
141427,Dunn
140693,Kelley
139951,Spencer
139751,Hawkins
138893,Arnold
138629,Pierce
138322,Vazquez
137977,Hansen
137513,Peters
137232,Santos
137184,Hart
136720,Bradley
136713,Knight
135765,Elliott
135718,Cunningham
135187,Duncan
135044,Armstrong
134963,Hudson
134317,Carroll
134227,Lane
133872,Riley
133799,Andrews
133501,Alvarado
133171,Ray
132985,Delgado
132812,Berry
131440,Perkins
131401,Hoffman
131373,Johnston
131303,Matthews
130776,Pena
130529,Richards
130164,Contreras
130152,Willis
129898,Carpenter
129699,Lawrence
128948,Sandoval
128677,Guerrero
128625,George
127939,Chapman
127794,Rios
127470,Estrada
127256,Ortega
127083,Watkins
126101,Greene
125350,Nunez
125058,Wheeler
124995,Valdez
124461,Harper
122877,Burke
122587,Larson
122212,Santiago
121526,Maldonado
121130,Morrison
120621,Franklin
120552,Carlson
119706,Austin
119304,Dominguez
119076,Carr
119053,Lawson
118614,Jacobs
118557,Obrien
117708,Lynch
116749,Singh
116673,Vega
116618,Bishop
115953,Montgomery
115900,Oliver
115679,Jensen
115662,Harvey
114959,Williamson
114940,Gilbert
114030,Dean
113374,Sims
112154,Espinoza
112041,Howell
111786,Li
111371,Wong
111360,Reid
111144,Hanson
110967,Le
110744,Mccoy
110697,Garrett
110529,Burton
110116,Fuller
109883,Wang
109433,Weber
108987,Welch
108421,Rojas
107690,Lucas
107533,Marquez
107522,Fields
106696,Park
106033,Yang
105936,Little
105833,Banks
105365,Padilla
105091,Day
105079,Walsh
105007,Bowman
104888,Schultz
104518,Luna
104515,Fowler
104057,Mejia
103930,Davidson
103418,Acosta
103318,Brewer
103306,May
102538,Holland
101949,Juarez
101931,Newman
101836,Pearson
101801,Curtis
101694,Cortez
101458,Douglas
101290,Schneider
100959,Joseph
100104,Barrett
99807,Navarro
98468,Figueroa
98268,Keller
97314,Avila
97040,Wade
96979,Molina
96867,Stanley
96810,Hopkins
96111,Campos
95681,Barnett
95622,Bates
94988,Chambers
93944,Caldwell
93786,Beck
93678,Lambert
93628,Miranda
92904,Byrd
92507,Craig
92463,Ayala
92260,Lowe
92152,Frazier
91970,Powers
91694,Neal
91475,Leonard
91384,Gregory
91129,Carrillo
90964,Sutton
90677,Fleming
90670,Rhodes
90517,Shelton
90071,Schwartz
89796,Norris
89700,Jennings
89649,Watts
89401,Duran
89376,Walters
89091,Cohen
88728,Mcdaniel
88615,Moran
88586,Parks
88230,Steele
88060,Vaughn
87859,Becker
87531,Holt
87414,Deleon
87162,Barker
87000,Terry
86618,Hale
86363,Leon
86240,Hail
86081,Benson
85974,Haynes
85195,Horton
84942,Miles
84516,Lyons
84320,Pham
84179,Graves
84018,Bush
83967,Thornton
83928,Wolfe
83781,Warner
83621,Cabrera
83616,Mckinney
83510,Mann
83265,Zimmerman
83182,Dawson
83067,Lara
83063,Fletcher
82992,Page
82950,Mccarthy
82873,Love
82458,Robles
82161,Cervantes
82146,Solis
82085,Erickson
81978,Reeves
81939,Chang
81471,Klein
81156,Salinas
81006,Fuentes
80742,Baldwin
80526,Daniel
80460,Simon
80364,Velasquez
80252,Hardy
79803,Higgins
79517,Aguirre
79508,Lin
79316,Cummings
79186,Chandler
78990,Sharp
78848,Barber
78822,Bowen
78677,Ochoa
78482,Dennis
78381,Robbins
78370,Liu
78350,Ramsey
78327,Francis
78260,Griffith
78256,Paul
78026,Blair
77923,Oconnor
77652,Cardenas
77642,Pacheco
77557,Cross
77085,Calderon
76986,Quinn
76908,Moss
76897,Swanson
76664,Chan
76205,Rivas
76171,Khan
76095,Rodgers
75996,Serrano
75356,Fitzgerald
75185,Rosales
75169,Stevenson
75143,Christensen
74949,Manning
74948,Gill
74919,Curry
74816,Mclaughlin
74737,Harmon
74542,Mcgee
74503,Gross
74458,Doyle
74324,Garner
74092,Newton
73931,Burgess
73919,Reese
73854,Walton
73797,Blake
73664,Trujillo
73599,Adkins
73145,Brady
73136,Goodman
72918,Roman
72625,Webster
72451,Goodwin
72357,Fischer
72328,Huang
72175,Potter
72109,Delacruz
71844,Montoya
71759,Todd
71721,Wu
71717,Hines
71646,Mullins
71368,Castaneda
71286,Malone
71085,Cannon
71058,Tate
71056,Mack
70502,Sherman
70362,Hubbard
70223,Hodges
70125,Zhang
70071,Guerra
70031,Wolf
70000,Valencia
69943,Saunders
69943,Franco
69879,Rowe
69834,Gallagher
69617,Farmer
69515,Hammond
69472,Hampton
69360,Townsend
69345,Ingram
68649,Wise
68373,Gallegos
68281,Clarke
68233,Barton
67977,Schroeder
67961,Maxwell
67929,Waters
67909,Logan
67893,Camacho
67769,Strickland
67704,Norman
67411,Person
67338,Colon
67310,Parsons
67304,Frank
66959,Harrington
66858,Glover
66827,Osborne
66648,Buchanan
66556,Casey
66454,Floyd
66293,Patton
66063,Ibarra
66059,Ball
66056,Tyler
66013,Suarez
66003,Bowers
65904,Orozco
65468,Salas
65125,Cobb
65064,Gibbs
65037,Andrade
65004,Bauer
64572,Conner
64429,Moody
64403,Escobar
64327,Mcguire
64202,Lloyd
64191,Mueller
64106,Hartman
63991,French
63936,Kramer
63899,Mcbride
63881,Pope
63760,Lindsey
63736,Velazquez
63722,Norton
63649,Mccormick
63440,Sparks
63400,Flynn
63254,Yates
63085,Hogan
62304,Marsh
62227,Macias
61883,Villanueva
61729,Zamora
61671,Pratt
61639,Stokes
61630,Owen
61625,Ballard
61529,Lang
61369,Brock
61355,Villarreal
61211,Charles
61162,Drake
60998,Barrera
60948,Cain
60845,Patrick
60820,Pineda
60791,Burnett
60761,Mercado
60667,Santana
60479,Shepherd
60264,Bautista
60002,Ali
59943,Shaffer
59913,Lamb
59882,Trevino
59595,Mckenzie
59486,Hess
59463,Beil
59356,Olsen
59350,Cochran
59213,Morton
58714,Nash
58634,Wilkins
58480,Petersen
58408,Briggs
58287,Shah
58278,Roth
58151,Nicholson
58040,Holloway
57779,Lozano
57549,Rangel
57549,Flowers
57497,Hoover
57477,Short
57477,Arias
57464,Mora
57383,Valenzuela
57143,Bryan
57127,Meyers
57112,Weiss
57064,Underwood
57044,Bass
57043,Greer
56953,Summers
56900,Houston
56872,Carson
56840,Morrow
56638,Clayton
56616,Whitaker
56576,Decker
56410,Yoder
56380,Collier
56347,Zuniga
56322,Carey
56286,Wilcox
56230,Melendez
56226,Poole
56180,Roberson
55960,Larsen
55917,Conley
55895,Davenport
55850,Copeland
55595,Massey
55554,Lam
55484,Huff
55251,Rocha
55240,Cameron
55179,Jefferson
55174,Hood
55136,Monroe
55114,Anthony
55021,Pittman
54996,Huynh
54764,Randall
54621,Singleton
54394,Kirk
54257,Combs
54217,Mathis
54198,Christian
54046,Skinner
54015,Bradford
53893,Richard
53822,Galvan
53794,Wall
53792,Boone
53767,Kirby
53739,Wilkinson
53682,Bridges
53419,Bruce
53376,Atkinson
53265,Velez
53230,Meza
53159,Roy
53095,Vincent
53059,York
52920,Hodge
52817,Villa
52739,Abbott
52701,Allison
52651,Tapia
52569,Gates
52481,Chase
52457,Sosa
52410,Sweeney
52321,Farrell
52211,Wyatt
52184,Dalton
52138,Horn
52070,Barron
52044,Phelps
52035,Yu
51889,Dickerson
51877,Heath
51865,Foley
51671,Atkins
51592,Mathews
51475,Bonilla
51351,Acevedo
51288,Benitez
51153,Zavala
51081,Hensley
51043,Glenn
50920,Cisneros
50837,Harrell
50832,Shields
50788,Rubio
50786,Huffman
50786,Choi
50742,Boyer
50686,Garrison
50614,Arroyo
50610,Bond
50584,Kane
50558,Hancock
50524,Callahan
50465,Dillon
50258,Cline
50247,Wiggins
50245,Grimes
50104,Arellano
50069,Melton
50028,Oneill
49914,Savage
49817,Ho
49776,Beltran
49740,Pitts
49733,Parrish
49549,Ponce
49481,Rich
49402,Booth
49395,Koch
49360,Golden
49316,Ware
49238,Brennan
49217,Mcdowell
49177,Marks
49126,Cantu
49056,Humphrey
49033,Baxter
49028,Sawyer
48844,Clay
48813,Tanner
48781,Hutchinson
48753,Kaur
48746,Berg
48720,Wiley
48719,Gilmore
48696,Russo
48599,Villegas
48522,Hobbs
48487,Keith
48444,Wilkerson
48319,Ahmed
48207,Beard
48165,Mcclain
48142,Montes
48120,Mata
48051,Rosario
48036,Vang
48024,Walter
48013,Henson
47979,Oneal
47963,Mosley
47742,Mcclure
47693,Beasley
47641,Stephenson
47528,Snow
47455,Huerta
47367,Preston
47324,Vance
47274,Barry
47246,Johns
47184,Eaton
47175,Blackwell
47170,Dyer
47168,Prince
46717,Macdonald
46534,Solomon
46454,Guevara
46394,Stafford
46393,English
46244,Hurst
46240,Woodard
46229,Cortes
46147,Shannon
46146,Kemp
46054,Nolan
45852,Mccullough
45594,Merritt
45558,Murillo
45528,Moon
45469,Salgado
45432,Strong
45390,Kline
45305,Cordova
45153,Barajas
45019,Roach
44938,Rosas
44914,Winters
44808,Jacobson
44784,Lester
44742,Knox
44740,Bullock
44711,Kerr
44581,Leach
44500,Meadows
44388,Orr
44388,Davila
44373,Whitehead
44365,Pruitt
44325,Kent
44320,Conway
44137,Mckee
44130,Barr
44040,David
44038,Dejesus
43904,Marin
43851,Berger
43842,Mcintyre
43830,Blankenship
43821,Gaines
43798,Palacios
43701,Cuevas
43648,Bartlett
43635,Durham
43631,Dorsey
43483,Mccall
43460,Odonnell
43389,Stein
43329,Browning
43305,Stout
43278,Lowery
43261,Sloan
43260,Mclean
43197,Hendricks
43180,Calhoun
43133,Sexton
43110,Chung
43027,Gentry
43018,Hull
42983,Duarte
42827,Ellison
42773,Nielsen
42693,Gillespie
42639,Buck
42578,Middleton
42577,Sellers
42575,Leblanc
42559,Esparza
42469,Hardin
42465,Bradshaw
42379,Mcintosh
42265,Howe
42103,Livingston
42015,Frost
41802,Glass
41774,Morse
41771,Knapp
41750,Herman
41735,Stark
41700,Bravo
41667,Noble
41665,Spears
41565,Weeks
41553,Corona
41394,Frederick
41348,Buckley
41300,Mcfarland
41275,Hebert
41271,Enriquez
41163,Hickman
41158,Quintero
41129,Randolph
41063,Schaefer
41025,Walls
41021,Trejo
41000,House
40884,Reilly
40854,Pennington
40736,Michael
40707,Conrad
40598,Giles
40590,Benjamin
40563,Crosby
40449,Fitzpatrick
40410,Donovan
40408,Mays
40397,Mahoney
40395,Valentine
40275,Raymond
40261,Medrano
40250,Hahn
40237,Mcmillan
40212,Small
40193,Bentley
40165,Felix
40055,Peck
39986,Lucero
39921,Boyle
39890,Hanna
39879,Pace
39802,Rush
39796,Hurley
39787,Harding
39754,Mcconnell
39693,Bernal
39670,Nava
39623,Ayers
39593,Everett
39580,Ventura
39564,Avery
39559,Pugh
39555,Mayer
39551,Bender
39430,Shepard
39411,Mcmahon
39391,Landry
39319,Case
39277,Sampson
39216,Moses
39105,Magana
39097,Blackburn
39063,Dunlap
38924,Gould
38835,Duffy
38830,Vaughan
38733,Herring
38681,Mckay
38667,Espinosa
38662,Rivers
38528,Farley
38512,Bernard
38499,Ashley
38374,Friedman
38277,Potts
38267,Truong
38265,Costa
38232,Correa
38229,Blevins
38147,Nixon
38044,Clements
38029,Fry
37932,Delarosa
37923,Best
37912,Benton
37903,Lugo
37890,Portillo
37884,Dougherty
37870,Crane
37858,Haley
37836,Phan
37754,Villalobos
37695,Blanchard
37689,Horne
37672,Finley
37657,Quintana
37644,Lynn
37578,Esquivel
37571,Bean
37566,Dodson
37502,Mullen
37499,Xiong
37451,Hayden
37368,Cano
37228,Levy
37170,Huber
37053,Richmond
37050,Moyer
37021,Lim
36973,Frye
36960,Sheppard
36944,Mccarty
36922,Avalos
36840,Booker
36805,Waller
36765,Parra
36764,Woodward
36755,Jaramillo
36743,Krueger
36636,Rasmussen
36613,Brandt
36585,Peralta
36558,Donaldson
36540,Stuart
36466,Faulkner
36460,Maynard
36429,Galindo
36423,Coffey
36318,Estes
36312,Sanford
36269,Burch
36250,Maddox
36236,Vo
36194,Oconnell
36179,Vu
36150,Andersen
36129,Spence
36125,Mcpherson
36072,Church
36043,Schmitt
35997,Stanton
35958,Leal
35877,Cherry
35830,Compton
35781,Dudley
35770,Sierra
35749,Pollard
35725,Alfaro
35642,Hester
35636,Proctor
35628,Lu
35606,Hinton
35461,Novak
35446,Good
35438,Madden
35408,Mccann
35408,Terrell
35350,Jarvis
35312,Dickson
35291,Reyna
35266,Cantrell
35228,Mayo
35225,Branch
35194,Hendrix
35132,Rollins
35121,Rowland
35118,Whitney
35053,Duke
35020,Odom
34987,Daugherty
34985,Travis
34961,Tang
34949,Archer
