MEMBER_ID,BIRTHDATE,GENDER,STATE
aee7bbe1-0c45-c028-1e62-1f4cdb30c273,2010-12-03,M,Massachusetts
5e688e99-61b3-5c88-3f60-21df8aaced27,2010-01-08,M,Massachusetts
46976cf7-b0bf-be20-39a5-9f425a52886d,2007-08-25,F,Massachusetts
4f083ce3-f12b-bb4b-7353-e17f0cd55b0a,1998-12-24,M,Massachusetts
76b20010-c318-5754-8c85-983aa538522f,2018-02-27,M,Massachusetts
46ee9d82-b52c-856d-069b-5064ff052225,1996-05-29,F,Massachusetts
eb5910f1-26e6-bc6f-b300-716eae678d6f,1995-04-05,F,Massachusetts
2d68ad16-268a-478c-1f84-d0f1976e1a46,2020-02-01,M,Massachusetts
6fbddf55-7096-b883-7cd3-260f27953080,1981-06-11,F,Massachusetts
62f60bdb-cc5c-8305-b98b-f2b229a55eca,1975-10-03,F,Massachusetts
982750f4-569b-5949-196b-60699bdda3fb,1986-10-23,F,Massachusetts
c86c400e-ff88-a1e3-2e23-caa4d8311f47,1947-02-11,M,Massachusetts
ba419d35-0dfe-8af7-347c-eebf02485a56,1925-08-30,F,Massachusetts
c053e996-a4c4-6c02-e2b6-284227156c67,2023-08-26,F,Massachusetts
0f1067c3-9151-8829-56cd-2eff898db59c,2009-05-30,F,Massachusetts
0dd6cb0d-0e17-ab7a-8054-7f89c4259da7,1960-09-04,F,Massachusetts
947c82ee-1735-c9ed-8210-38cb93d8070c,2016-04-27,F,Massachusetts
2c167999-289d-95fa-5c27-7d8b8d35348c,1973-12-23,M,Massachusetts
18cd5da7-977b-f469-9445-6aea20172f50,1958-10-26,F,Massachusetts
d15b23ed-02d5-3e28-efbd-2604425317c5,2026-04-24,M,Massachusetts
9661a432-4630-2cd9-142c-386845fae837,1978-01-26,M,Massachusetts
35b353dd-402b-571a-d67a-af0a104d0854,1943-08-30,M,Massachusetts
922fb35e-148d-9e82-7e65-bfa05e3b3515,1986-11-29,F,Massachusetts
c0a47dee-cc72-29ce-df5a-ea6d306c36a4,1987-02-03,M,Massachusetts
5ba0a3f3-32f7-02b1-ec6a-8f568923954c,1998-05-29,M,Massachusetts
b6a1cac9-8873-36a7-e726-4aad8a07d44d,1993-03-25,M,Massachusetts
7b06ee52-df9a-8487-0be6-dff27cc7d519,2001-07-17,F,Massachusetts
4aaa0001-3832-cc52-e2f3-47aad08f4284,2006-01-17,M,Massachusetts
6aed9210-c500-4375-b0fc-3374c40b8591,1965-06-18,M,Massachusetts
080b069b-5108-46b6-ecef-6aacd3b9ef3f,1966-11-03,M,Massachusetts
f32a088b-988b-d7d5-008b-89ea4ed1fc48,2006-07-27,M,Massachusetts
f95a6723-14a5-c4b6-78df-fa97f7ab361c,1986-08-03,F,Massachusetts
d20bc0bc-3051-ae6f-f391-ceec7ec0370f,2010-03-04,F,Massachusetts
7512bbb4-b22b-0979-6edc-389e16607ac7,2025-02-03,F,Massachusetts
5c39a9da-6fb0-3cbb-0181-add875529d46,2011-03-11,M,Massachusetts
6f45f2e9-a617-570a-8867-dec1260088bb,2013-06-07,M,Massachusetts
79021b82-f370-50bb-c5a1-7333816d683f,2013-03-01,F,Massachusetts
5e7ebf2c-22ec-a89b-53ab-38edddd81be9,1973-07-16,F,Massachusetts
a2fb233f-60e0-b477-cd38-af3923f792a3,1962-02-19,M,Massachusetts
55dedab5-5f48-0190-bd3a-34f79bec6e48,1945-01-08,M,Massachusetts
