FULL_NAME,CITY,POSTCODE
Albano Llopis Hierro,Barcelona,ES-49265
Nilo Bonet Roca,Albacete,ES-07140
Demetrio Vazquez,Navarra,ES-14031
Hortensia de Sanchez,Zaragoza,ES-01425
Paco Rocamora Nieto,Burgos,ES-15110
Aroa Bru Pinto,Huelva,ES-23541
Dulce Roxana Aroca Segovia,Jaén,ES-06164
Emilia del Fernandez,Alicante,ES-44336
Rolando del Bernal,Badajoz,ES-25911
Javi Patiño-Cánovas,Huelva,ES-14730
Pascual Bellido-Donoso,Cáceres,ES-31294
Elba Gimenez Morata,Ceuta,ES-03103
Gracia Leal Batalla,Ourense,ES-48049
Cloe Valera Priego,Burgos,ES-18359
Duilio Jódar Romero,Huesca,ES-15373
José Manuel Uriarte Bou,Baleares,ES-11016
Ruy Roca Bartolomé,Jaén,ES-40052
Lucía Iglesias Alberdi,Soria,ES-36190
Rodrigo Nieto-Cantón,Las Palmas,ES-11365
Abril Lago Valle,Málaga,ES-07973
Sosimo Miguel Vera Flor,Huesca,ES-50971
Julián Abascal Morante,Albacete,ES-08331
Valeria Meléndez Heras,Ciudad,ES-38182
Aristides Torre Bayón,Barcelona,ES-44237
Malena Dalmau Landa,Castellón,ES-36343
Pepe Mesa,Sevilla,ES-43590
Isabel Villar Sanmiguel,Ciudad,ES-15725
Fortunato Almazán Grau,Álava,ES-05652
Darío Bauzà Angulo,Asturias,ES-34695
Emilio del Gargallo,Toledo,ES-38423
Juana Herrero-Suárez,Cantabria,ES-07181
Narciso Rosa Pablo,La Rioja,ES-31606
Nicodemo Cabello Barrera,Toledo,ES-23236
Edelmiro Feliu Falcón,Barcelona,ES-28648
Emilio Sevillano Iborra,León,ES-37066
Amador Alcolea Bueno,Cáceres,ES-27634
Juliana García Quero,Cáceres,ES-25836
Guiomar Lara Sanz,Las Palmas,ES-46651
Nadia del Cortina,Girona,ES-15267
Luis Miguel Barrera Mir,Almería,ES-39284
Lidia Criado Barberá,Cádiz,ES-05490
Anabel Nereida Gutierrez Quintanilla,Ourense,ES-17135
Martirio Ariño-Bilbao,Sevilla,ES-39251
Lourdes Molina-Julián,Sevilla,ES-47936
Dafne Lara Priego,Sevilla,ES-43303
Jenaro Fausto Belmonte Agustí,Salamanca,ES-37896
Angelino Garcés Velasco,Barcelona,ES-23872
Valerio Hidalgo Peiró,Cáceres,ES-29716
Ofelia del Ángel,Sevilla,ES-37346
Natanael Baldomero Cañizares Lamas,Badajoz,ES-49655
Calixta del Luján,Teruel,ES-23471
Olegario Laguna,Córdoba,ES-04329
Maximiliano Roda Lloret,Álava,ES-22859
Melchor Juárez Cuéllar,Navarra,ES-47246
Mar Agustí Caparrós,Tarragona,ES-10768
Alicia del Colomer,Barcelona,ES-03741
Germán Vinicio Ariño Pallarès,Soria,ES-17353
Galo Ramos Cortes,Cáceres,ES-12603
Aitana Escobar Márquez,Zaragoza,ES-44903
Eliseo de Campoy,Alicante,ES-31847
Cornelio del Olmo,Zamora,ES-15915
Albano de Pujadas,Cuenca,ES-05549
Gabino Vergara-Pulido,Albacete,ES-08559
Chuy Lara-Arenas,Pontevedra,ES-29479
Pastora Mir Rubio,Jaén,ES-38787
Edu Arregui,Álava,ES-35073
Noelia de Pascual,Asturias,ES-44531
Matilde Mir Casanovas,Málaga,ES-21269
Eugenia Quevedo Marqués,Cantabria,ES-28554
Nicolasa Dávila Mascaró,Navarra,ES-01026
Eric Cruz Ropero Montserrat,León,ES-29977
José Mari Sáenz,Sevilla,ES-06557
José Ángel Natanael Naranjo Bueno,Soria,ES-21343
Samuel de Colom,Alicante,ES-17046
María Jesús Beltran Sarabia,Santa Cruz de Tenerife,ES-38727
Plinio Plana,La Coruña,ES-16989
Nacio Adán Campillo,Ceuta,ES-12526
Jordana Ayllón,Baleares,ES-30914
Salvador Sobrino Molins,Salamanca,ES-48138
Inmaculada Salmerón,Valencia,ES-32108
Dora Huertas Lluch,Santa Cruz de Tenerife,ES-16679
Isidro Berenguer-Macias,Cuenca,ES-23010
Virginia Berrocal Chacón,Ceuta,ES-26102
Patricio Gargallo Baró,La Rioja,ES-22684
Josefa del Barrios,La Rioja,ES-26524
Obdulia Aller-Pintor,Álava,ES-24052
Renato Guiomar Rius Giménez,Ceuta,ES-18887
Julieta Andres Porcel,Sevilla,ES-45508
Paloma Dalmau Solsona,Salamanca,ES-36004
Wilfredo Prada Amores,Segovia,ES-29089
Toribio Serrano Espada,Córdoba,ES-25844
Cloe Sanz Morillo,Valladolid,ES-25846
Renato Robles-Iniesta,Lugo,ES-02270
Amaya del Gomez,Vizcaya,ES-43713
René Anguita Huertas,Albacete,ES-41719
Dimas Cases Sáenz,Ourense,ES-15284
Odalis Jaén Peinado,Pontevedra,ES-40796
Roque Céspedes Merino,Palencia,ES-02682
Lucio Nilo Perez Puente,Asturias,ES-39803
Aurelio del Carrillo,Huelva,ES-35913
Nadia Pellicer Bayón,Álava,ES-28528
Ascensión Rosselló Paredes,Teruel,ES-11026
Carmen Vélez León,Lleida,ES-29545
Edelmira Mora-Higueras,Cuenca,ES-30543
Remigio del Pinilla,Albacete,ES-33394
Casandra Torrent Garay,Zaragoza,ES-17931
Elisa Llorente Agustín,Ávila,ES-16817
Laura Hernandez Tamayo,León,ES-02130
Eugenio Giralt Quiroga,Granada,ES-44513
Flor Sáenz-Núñez,Valencia,ES-37070
Feliciana Santiago Lillo,Córdoba,ES-16108
Poncio Fernández Moles,Valencia,ES-36118
Clemente Gascón Tomé,Toledo,ES-39639
María Luna,Cantabria,ES-20414
Geraldo de Mate,Teruel,ES-36005
Emigdio Arroyo Ballester,Tarragona,ES-09275
Aroa Alberola Luís,Lugo,ES-29866
Catalina Aznar Iriarte,Baleares,ES-05282
Leandra Benavent Baeza,Burgos,ES-37886
Aristides Edelmiro Carrasco Rico,Vizcaya,ES-35247
Javiera Salas Martinez,Granada,ES-38265
América María Jesús Cabezas Galiano,Córdoba,ES-44281
Cayetano Heredia Durán,Cáceres,ES-01175
Javiera Soriano Manuel,Ceuta,ES-19881
Pascual Tito Santiago Belda,Córdoba,ES-41963
Nadia Figuerola-Rodríguez,Murcia,ES-15733
Wálter Larrañaga Cisneros,Almería,ES-11873
Manuel Reinaldo Malo Saavedra,Lleida,ES-46133
Pancho Heriberto Lladó Vall,León,ES-06271
Almudena Vilma Rosales Mora,Albacete,ES-06985
Nicolás de Leon,Valladolid,ES-50562
Joel Villena Salamanca,Cádiz,ES-39360
Mercedes Téllez Bou,Huelva,ES-27761
Estrella Calvo Cuevas,La Rioja,ES-46460
Elvira Pérez Arco,Ávila,ES-21612
Felix Carmona-Quintero,Sevilla,ES-36559
Haydée Ballester Expósito,Salamanca,ES-50574
Maura Salamanca Aznar,Cuenca,ES-36993
Ernesto Ríos Tormo,Albacete,ES-42289
Rosalía Dafne Cuadrado Mercader,Navarra,ES-27738
Daniel Carballo Serrano,Segovia,ES-11090
Úrsula Manzanares Verdú,La Rioja,ES-32621
Daniela Saura Coca,Cantabria,ES-40280
Piedad Cerezo,Cuenca,ES-51638
Evita Vera Lastra,Girona,ES-48582
Silvio Lázaro Tovar Comas,Murcia,ES-32741
Eva Pi Sarabia,Cantabria,ES-46711
Lucho del Guillen,Alicante,ES-21852
Olalla Piquer Polo,Madrid,ES-03426
José Mármol Cabrera,Badajoz,ES-35468
Adoración Cobos Redondo,Asturias,ES-31768
Fortunato Puga-Bernat,Soria,ES-35971
Ester Torrents Araujo,Ciudad,ES-42363
Danilo Raúl Botella Roura,Valladolid,ES-42533
Iván Delgado Marí,Alicante,ES-22258
Eugenio Palmer Perera,Burgos,ES-17003
Guiomar Escolano,Cádiz,ES-06175
Tomasa Francisca Hernando Valenciano,Ceuta,ES-31221
Jeremías Jara-Agustí,Girona,ES-45407
Camila de Sala,Palencia,ES-20605
Nuria Ibáñez Saura,Cantabria,ES-26211
Ascensión Gálvez Pizarro,Ourense,ES-20390
Aitor Severino Priego Llobet,Ourense,ES-45944
Xavier Valdés Macías,Pontevedra,ES-24089
Maximino de Iglesia,Santa Cruz de Tenerife,ES-07367
Fabián Saez Aragonés,Toledo,ES-09612
Wálter Marquez Morillo,Cádiz,ES-14159
Rubén Paz Valls,Cáceres,ES-17840
Rosenda Marquez Nevado,Lleida,ES-05934
René Gonzalez Puerta,Ávila,ES-26858
Eligio Casals Sanz,Soria,ES-50087
Luís Piquer-Pera,Soria,ES-16323
Aitana Mosquera Giralt,Santa Cruz de Tenerife,ES-31426
Moreno Hernando Carnero Chaves,Alicante,ES-20946
Azahar Cabanillas Guitart,Jaén,ES-30729
Nazaret Rius Cortes,Segovia,ES-07489
María Manuela Raya Losa,Tarragona,ES-25283
Iván Sales,Huesca,ES-07511
Macaria Palmer Barrera,Cuenca,ES-13439
Teobaldo Sanz Bravo,Segovia,ES-42909
Ainara Amarilis Múgica Hervia,Zamora,ES-38000
Andrés Galan,Ceuta,ES-22532
Rufino Acedo Lluch,Barcelona,ES-36403
Sabas Díaz-Canet,Barcelona,ES-01973
Rosa Gárate Morante,Cádiz,ES-18391
Bernardino Robledo Zorrilla,Valencia,ES-05165
Jacinta Paredes Vilanova,León,ES-34019
Marino de Vázquez,Lleida,ES-43161
Américo Tejero Querol,Soria,ES-08075
Olivia Salcedo Beltrán,Guadalajara,ES-40865
Anacleto Cases Llopis,Jaén,ES-40150
Emilia Santiago,Badajoz,ES-46991
Teodosio Garrido Ropero,Ceuta,ES-28119
Sarita Santana Pujadas,Toledo,ES-07231
Inmaculada Milla Jara,Burgos,ES-46011
Anabel Bou Blázquez,Las Palmas,ES-07328
Ruperta Castillo Barreda,Sevilla,ES-09010
Felicidad Rocha Aznar,Pontevedra,ES-21476
Aránzazu Vera Garcia,Sevilla,ES-32600
Teo de Ordóñez,Baleares,ES-50978
